{
  "hash": "e0a69b1b",
  "configHash": "302c3630",
  "lockfileHash": "d5a90d76",
  "browserHash": "4d25efd1",
  "optimized": {
    "@angular/core": {
      "src": "../../../../../node_modules/@angular/core/fesm2022/core.mjs",
      "file": "@angular_core.js",
      "fileHash": "b2d21203",
      "needsInterop": false
    },
    "@angular/forms": {
      "src": "../../../../../node_modules/@angular/forms/fesm2022/forms.mjs",
      "file": "@angular_forms.js",
      "fileHash": "5a99f257",
      "needsInterop": false
    },
    "@angular/platform-browser": {
      "src": "../../../../../node_modules/@angular/platform-browser/fesm2022/platform-browser.mjs",
      "file": "@angular_platform-browser.js",
      "fileHash": "9b672acd",
      "needsInterop": false
    },
    "@angular/router": {
      "src": "../../../../../node_modules/@angular/router/fesm2022/router.mjs",
      "file": "@angular_router.js",
      "fileHash": "4eb1d9e8",
      "needsInterop": false
    }
  },
  "chunks": {
    "chunk-JHUR57GY": {
      "file": "chunk-JHUR57GY.js"
    },
    "chunk-5BBM4BSB": {
      "file": "chunk-5BBM4BSB.js"
    },
    "chunk-N3XTPJSH": {
      "file": "chunk-N3XTPJSH.js"
    }
  }
}